id,url
sobre-o-campus,https://www.sorocaba.unesp.br/#!/sobre-o-campus
administracao,https://www.sorocaba.unesp.br/#!/sobre-o-campus/administracao
diretoria-geral,https://www.sorocaba.unesp.br/#!/sobre-o-campus/administracao/diretoria-geral
congregacao,https://www.sorocaba.unesp.br/#!/sobre-o-campus/administracao/congregacao
area-administrativa,https://www.sorocaba.unesp.br/#!/sobre-o-campus/administracao/area-administrativa
area-academica,https://www.sorocaba.unesp.br/#!/sobre-o-campus/administracao/area-academica
diretoria-de-biblioteca,https://www.sorocaba.unesp.br/#!/sobre-o-campus/administracao/diretoria-de-biblioteca
informatica,https://www.sorocaba.unesp.br/#!/sobre-o-campus/administracao/informatica
diretoria-de-servicos,https://www.sorocaba.unesp.br/#!/sobre-o-campus/administracao/diretoria-de-servicos
saude,https://www.sorocaba.unesp.br/#!/sobre-o-campus/administracao/saude
apresentacao,https://www.sorocaba.unesp.br/#!/sobre-o-campus/apresentacao
ouvidoria,https://www.sorocaba.unesp.br/#!/sobre-o-campus/ouvidoria
controladoria,https://www.sorocaba.unesp.br/#!/sobre-o-campus/controladoria
ensino,https://www.sorocaba.unesp.br/#!/ensino
departamentos,https://www.sorocaba.unesp.br/#!/ensino/departamentos
engenharia-ambiental3152,https://www.sorocaba.unesp.br/#!/ensino/departamentos/engenharia-ambiental3152
engenharia-de-controle-e-automacao,https://www.sorocaba.unesp.br/#!/ensino/departamentos/engenharia-de-controle-e-automacao
graduacao,https://www.sorocaba.unesp.br/#!/ensino/graduacao
cursos,https://www.sorocaba.unesp.br/#!/ensino/graduacao/cursos
grupos-pets,https://www.sorocaba.unesp.br/#!/ensino/graduacao/grupos-pets
equipe,https://www.sorocaba.unesp.br/#!/ensino/graduacao/equipe
pos-graduacao,https://www.sorocaba.unesp.br/#!/ensino/pos-graduacao
programas,https://www.sorocaba.unesp.br/#!/ensino/pos-graduacao/programas
contato,https://www.sorocaba.unesp.br/#!/ensino/pos-graduacao/contato
comissao-permanente-de-ensino,https://www.sorocaba.unesp.br/#!/ensino/comissao-permanente-de-ensino
atas-e-pautas,https://www.sorocaba.unesp.br/#!/ensino/comissao-permanente-de-ensino/atas-e-pautas
calendario,https://www.sorocaba.unesp.br/#!/ensino/comissao-permanente-de-ensino/calendario
composicao,https://www.sorocaba.unesp.br/#!/ensino/comissao-permanente-de-ensino/composicao
pesquisa,https://www.sorocaba.unesp.br/#!/pesquisa
escritorio-de-apoio-a-pesquisa,https://www.sorocaba.unesp.br/#!/pesquisa/escritorio-de-apoio-a-pesquisa
apresentacao,https://www.sorocaba.unesp.br/#!/pesquisa/escritorio-de-apoio-a-pesquisa/apresentacao
bolsista,https://www.sorocaba.unesp.br/#!/pesquisa/escritorio-de-apoio-a-pesquisa/bolsista
pesquisador,https://www.sorocaba.unesp.br/#!/pesquisa/escritorio-de-apoio-a-pesquisa/pesquisador
agencias-de-fomento,https://www.sorocaba.unesp.br/#!/pesquisa/escritorio-de-apoio-a-pesquisa/agencias-de-fomento
treinamentos-e-manuais,https://www.sorocaba.unesp.br/#!/pesquisa/escritorio-de-apoio-a-pesquisa/treinamentos-e-manuais
editais,https://www.sorocaba.unesp.br/#!/pesquisa/escritorio-de-apoio-a-pesquisa/editais
grupos-de-pesquisa,https://www.sorocaba.unesp.br/#!/pesquisa/grupos-de-pesquisa
parque-de-equipamentos,https://www.sorocaba.unesp.br/#!/pesquisa/parque-de-equipamentos
inicio,https://www.sorocaba.unesp.br/#!/pesquisa/multiusuario/inicio
equipamentos,https://www.sorocaba.unesp.br/#!/pesquisa/multiusuario/equipamentos
acesso-aos-equipamentos,https://www.sorocaba.unesp.br/#!/pesquisa/multiusuario/acesso-aos-equipamentos
normas-de-uso,https://www.sorocaba.unesp.br/#!/pesquisa/multiusuario/normas-de-uso
solicitacao-de-uso,https://www.sorocaba.unesp.br/#!/pesquisa/multiusuario/solicitacao-de-uso
comissao-de-gerenciamento,https://www.sorocaba.unesp.br/#!/pesquisa/multiusuario/comissao-de-gerenciamento
comissao-de-usuarios1526,https://www.sorocaba.unesp.br/#!/pesquisa/multiusuario/comissao-de-usuarios1526
custos1476,https://www.sorocaba.unesp.br/#!/pesquisa/multiusuario/custos1476
contato,https://www.sorocaba.unesp.br/#!/pesquisa/multiusuario/contato
laboratorio-de-analise-e-caracterizacao-de-amostras,https://www.sorocaba.unesp.br/#!/pesquisa/laboratorio-de-analise-e-caracterizacao-de-amostras
apresentacao,https://www.sorocaba.unesp.br/#!/pesquisa/laboratorio-de-analise-e-caracterizacao-de-amostras/apresentacao
equipamento,https://www.sorocaba.unesp.br/#!/pesquisa/laboratorio-de-analise-e-caracterizacao-de-amostras/equipamento
acesso-ao-equipamento,https://www.sorocaba.unesp.br/#!/pesquisa/laboratorio-de-analise-e-caracterizacao-de-amostras/acesso-ao-equipamento
normas-de-uso-dos-equipamentos,https://www.sorocaba.unesp.br/#!/pesquisa/laboratorio-de-analise-e-caracterizacao-de-amostras/normas-de-uso-dos-equipamentos
custeio-do-uso-do-equipamento,https://www.sorocaba.unesp.br/#!/pesquisa/laboratorio-de-analise-e-caracterizacao-de-amostras/custeio-do-uso-do-equipamento
solicitacao-de-uso,https://www.sorocaba.unesp.br/#!/pesquisa/laboratorio-de-analise-e-caracterizacao-de-amostras/solicitacao-de-uso
contato,https://www.sorocaba.unesp.br/#!/pesquisa/laboratorio-de-analise-e-caracterizacao-de-amostras/contato
laboratorio-de-investigacao-em-filmes-e-superficies-lifs,https://www.sorocaba.unesp.br/#!/pesquisa/laboratorio-de-investigacao-em-filmes-e-superficies-lifs
apresentacao,https://www.sorocaba.unesp.br/#!/pesquisa/equipamentos-multiusuarios/apresentacao
equipamentos,https://www.sorocaba.unesp.br/#!/pesquisa/equipamentos-multiusuarios/equipamentos
regras-de-uso,https://www.sorocaba.unesp.br/#!/pesquisa/equipamentos-multiusuarios/regras-de-uso
comissao-de-gestao,https://www.sorocaba.unesp.br/#!/pesquisa/equipamentos-multiusuarios/comissao-de-gestao
contatos,https://www.sorocaba.unesp.br/#!/pesquisa/equipamentos-multiusuarios/contatos
comissao-assessora-de-pesquisa,https://www.sorocaba.unesp.br/#!/pesquisa/comissao-assessora-de-pesquisa
atas-e-pautas,https://www.sorocaba.unesp.br/#!/pesquisa/comissao-assessora-de-pesquisa/atas-e-pautas
composicao,https://www.sorocaba.unesp.br/#!/pesquisa/comissao-assessora-de-pesquisa/composicao
calendario,https://www.sorocaba.unesp.br/#!/pesquisa/comissao-assessora-de-pesquisa/calendario
congresso-de-iniciacao-cientifica-cic,https://www.sorocaba.unesp.br/#!/pesquisa/congresso-de-iniciacao-cientifica-cic
regulamento-da-1-fase,https://www.sorocaba.unesp.br/#!/pesquisa/congresso-de-iniciacao-cientifica-cic/regulamento-da-1-fase
cronograma,https://www.sorocaba.unesp.br/#!/pesquisa/congresso-de-iniciacao-cientifica-cic/cronograma
resultados,https://www.sorocaba.unesp.br/#!/pesquisa/congresso-de-iniciacao-cientifica-cic/resultados
classificados-2-fase-e-premiacao,https://www.sorocaba.unesp.br/#!/pesquisa/congresso-de-iniciacao-cientifica-cic/classificados-2-fase-e-premiacao
comissoes-de-etica-em-pesquisa,https://www.sorocaba.unesp.br/#!/pesquisa/comissoes-de-etica-em-pesquisa
comunidade,https://www.sorocaba.unesp.br/#!/comunidade
documentos,https://www.sorocaba.unesp.br/#!/comunidade/documentos
projetos,https://www.sorocaba.unesp.br/#!/comunidade/projetos
eventos,https://www.sorocaba.unesp.br/#!/comunidade/eventos
cultura-e-esportes,https://www.sorocaba.unesp.br/#!/comunidade/cultura-e-esportes
agenda-de-eventos,https://www.sorocaba.unesp.br/#!/comunidade/cultura-e-esportes/agenda-de-eventos
eventos-realizados,https://www.sorocaba.unesp.br/#!/comunidade/cultura-e-esportes/eventos-realizados
comissao-cac,https://www.sorocaba.unesp.br/#!/comunidade/cultura-e-esportes/comissao-cac
normas,https://www.sorocaba.unesp.br/#!/comunidade/cultura-e-esportes/normas
esportes,https://www.sorocaba.unesp.br/#!/comunidade/esportes
apresentacao,https://www.sorocaba.unesp.br/#!/comunidade/esportes/apresentacao
eventos-realizados,https://www.sorocaba.unesp.br/#!/comunidade/esportes/eventos-realizados
comissao,https://www.sorocaba.unesp.br/#!/comunidade/esportes/comissao
links,https://www.sorocaba.unesp.br/#!/comunidade/esportes/links
ligas-academicas,https://www.sorocaba.unesp.br/#!/comunidade/ligas-academicas
apresentacao,https://www.sorocaba.unesp.br/#!/comunidade/ligas-academicas/apresentacao
ligas-academicas-credenciadas,https://www.sorocaba.unesp.br/#!/comunidade/ligas-academicas/ligas-academicas-credenciadas
empresa-junior---dinamica,https://www.sorocaba.unesp.br/#!/comunidade/empresa-junior---dinamica
comissao-permanente,https://www.sorocaba.unesp.br/#!/comunidade/comissao-permanente
composicao,https://www.sorocaba.unesp.br/#!/comunidade/comissao-permanente/composicao
atas-da-cpeuc,https://www.sorocaba.unesp.br/#!/comunidade/comissao-permanente/atas-da-cpeuc
calendario,https://www.sorocaba.unesp.br/#!/comunidade/comissao-permanente/calendario
legislacao,https://www.sorocaba.unesp.br/#!/comunidade/comissao-permanente/legislacao
guias-e-tutoriais,https://www.sorocaba.unesp.br/#!/comunidade/comissao-permanente/guias-e-tutoriais
grupos-de-competicao,https://www.sorocaba.unesp.br/#!/comunidade/grupos-de-competicao
home,https://www.sorocaba.unesp.br/#!/comunidade/grupos-de-competicao/home
team,https://www.sorocaba.unesp.br/#!/comunidade/grupos-de-competicao/team
ongoing-projects,https://www.sorocaba.unesp.br/#!/comunidade/grupos-de-competicao/ongoing-projects
history,https://www.sorocaba.unesp.br/#!/comunidade/grupos-de-competicao/history
publications,https://www.sorocaba.unesp.br/#!/comunidade/grupos-de-competicao/publications
students-team,https://www.sorocaba.unesp.br/#!/comunidade/grupos-de-competicao/students-team
photos,https://www.sorocaba.unesp.br/#!/comunidade/grupos-de-competicao/photos
internacional,https://www.sorocaba.unesp.br/#!/internacional
fale-conosco,https://www.sorocaba.unesp.br/#!/internacional/fale-conosco
concursos,https://www.sorocaba.unesp.br/#!/concursos
concurso-livre-docente,https://www.sorocaba.unesp.br/#!/concursos/concurso-livre-docente
concursos-abertos,https://www.sorocaba.unesp.br/#!/concursos/concurso-livre-docente/concursos-abertos
concurso-tecnico-administrativo,https://www.sorocaba.unesp.br/#!/concursos/concurso-tecnico-administrativo
transparencia,https://www.sorocaba.unesp.br/#!/transparencia
atividades-academicas,https://www.sorocaba.unesp.br/#!/transparencia/atividades-academicas
graduacao,https://www.sorocaba.unesp.br/#!/transparencia/atividades-academicas/graduacao
pos-graduacao,https://www.sorocaba.unesp.br/#!/transparencia/atividades-academicas/pos-graduacao
pesquisa,https://www.sorocaba.unesp.br/#!/transparencia/atividades-academicas/pesquisa
extensao,https://www.sorocaba.unesp.br/#!/transparencia/atividades-academicas/extensao
gestao,https://www.sorocaba.unesp.br/#!/transparencia/gestao
balancos,https://www.sorocaba.unesp.br/#!/transparencia/gestao/balancos
despesas-pagas,https://www.sorocaba.unesp.br/#!/transparencia/gestao/despesas-pagas
pdi,https://www.sorocaba.unesp.br/#!/transparencia/gestao/pdi
servico-de-aceso-a-informacao,https://www.sorocaba.unesp.br/#!/transparencia/servico-de-aceso-a-informacao
licitacoes,https://www.sorocaba.unesp.br/#!/transparencia/licitacoes
concorrencia-01-2025-sor-icts,https://www.sorocaba.unesp.br/#!/transparencia/licitacoes/concorrencia-01-2025-sor-icts
pregao-01-2025---emenda-parlamentar,https://www.sorocaba.unesp.br/#!/transparencia/licitacoes/pregao-01-2025---emenda-parlamentar
unesp-sorocaba-realiza-37-congresso-de-iniciacao-cientifica-e-destaca-projetos-inovadores-dos-alunos,https://www.sorocaba.unesp.br/#!/noticias/v/id::1770/unesp-sorocaba-realiza-37-congresso-de-iniciacao-cientifica-e-destaca-projetos-inovadores-dos-alunos
mudanca-climatica-e-cidades-resilientes-disciplina-oferecida-na-unesp-sorocaba-discute-emergencias-contemporaneas,https://www.sorocaba.unesp.br/#!/noticias/v/id::1774/mudanca-climatica-e-cidades-resilientes-disciplina-oferecida-na-unesp-sorocaba-discute-emergencias-contemporaneas
concursos-de-professor-assistente-rdidp-2025,https://www.sorocaba.unesp.br/#!/noticias/v/id::1773/concursos-de-professor-assistente-rdidp-2025
unesp-sorocaba-marca-presenca-no-congresso-brasileiro-de-eletronica-de-potencia-2025-com-apresentacoes-realizadas-por-professores-e-alunos,https://www.sorocaba.unesp.br/#!/noticias/v/id::1771/unesp-sorocaba-marca-presenca-no-congresso-brasileiro-de-eletronica-de-potencia-2025-com-apresentacoes-realizadas-por-professores-e-alunos
unesp-sobe-para-o-3-lugar-entre-as-melhores-universidades-do-brasil-em-ranking-internacional,https://www.sorocaba.unesp.br/#!/noticias/v/id::1772/unesp-sobe-para-o-3-lugar-entre-as-melhores-universidades-do-brasil-em-ranking-internacional
noticias,https://www.sorocaba.unesp.br/#!/noticias
biblioteca,https://www.sorocaba.unesp.br/#!/biblioteca
lmcmat,https://www.sorocaba.unesp.br/#!/lmcmat
lmna,https://www.sorocaba.unesp.br/#!/lmna
licitacoes,https://www.sorocaba.unesp.br/#!/licitacoes
pregao-presencial-n-01-2023,https://www.sorocaba.unesp.br/#!/licitacoes/pregao-presencial-n-01-2023
telefones,https://www.sorocaba.unesp.br/#!/telefones
teste1,https://www.sorocaba.unesp.br/#!/ensino/departamentos/engenharia-ambiental3152/teste1
teste2,https://www.sorocaba.unesp.br/#!/ensino/departamentos/engenharia-ambiental3152/teste2
chefia-do-dea,https://www.sorocaba.unesp.br/#!/ensino/departamentos/engenharia-ambiental3152/teste2/chefia-do-dea
conselho-do-dea,https://www.sorocaba.unesp.br/#!/ensino/departamentos/engenharia-ambiental3152/teste2/conselho-do-dea
gestao-2020---2022,https://www.sorocaba.unesp.br/#!/ensino/departamentos/engenharia-ambiental3152/teste2/conselho-do-dea/gestao-2020---2022
gestao-2022---2024,https://www.sorocaba.unesp.br/#!/ensino/departamentos/engenharia-ambiental3152/teste2/conselho-do-dea/gestao-2022---2024
gestao-2024---2026,https://www.sorocaba.unesp.br/#!/ensino/departamentos/engenharia-ambiental3152/teste2/conselho-do-dea/gestao-2024---2026
inicio,https://www.sorocaba.unesp.br/#!/ensino/departamentos/engenharia-de-controle-e-automacao/inicio
apresentacao,https://www.sorocaba.unesp.br/#!/ensino/departamentos/engenharia-de-controle-e-automacao/apresentacao
estrutura-administrativa,https://www.sorocaba.unesp.br/#!/ensino/departamentos/engenharia-de-controle-e-automacao/estrutura-administrativa
conselho-do-deca,https://www.sorocaba.unesp.br/#!/ensino/departamentos/engenharia-de-controle-e-automacao/estrutura-administrativa/conselho-do-deca
gestao-2024-2026,https://www.sorocaba.unesp.br/#!/ensino/departamentos/engenharia-de-controle-e-automacao/estrutura-administrativa/conselho-do-deca/gestao-2024-2026
gestao-2022-2024,https://www.sorocaba.unesp.br/#!/ensino/departamentos/engenharia-de-controle-e-automacao/estrutura-administrativa/conselho-do-deca/gestao-2022-2024
gestao-2020-2022,https://www.sorocaba.unesp.br/#!/ensino/departamentos/engenharia-de-controle-e-automacao/estrutura-administrativa/conselho-do-deca/gestao-2020-2022
chefia-do-departamento,https://www.sorocaba.unesp.br/#!/ensino/departamentos/engenharia-de-controle-e-automacao/estrutura-administrativa/chefia-do-departamento
gestao-2024-2026,https://www.sorocaba.unesp.br/#!/ensino/departamentos/engenharia-de-controle-e-automacao/estrutura-administrativa/chefia-do-departamento/gestao-2024-2026
gestao-2022-2024,https://www.sorocaba.unesp.br/#!/ensino/departamentos/engenharia-de-controle-e-automacao/estrutura-administrativa/chefia-do-departamento/gestao-2022-2024
gestao-2020-2022,https://www.sorocaba.unesp.br/#!/ensino/departamentos/engenharia-de-controle-e-automacao/estrutura-administrativa/chefia-do-departamento/gestao-2020-2022
normas,https://www.sorocaba.unesp.br/#!/ensino/departamentos/engenharia-de-controle-e-automacao/estrutura-administrativa/normas
equipe,https://www.sorocaba.unesp.br/#!/ensino/departamentos/engenharia-de-controle-e-automacao/equipe
docentes,https://www.sorocaba.unesp.br/#!/ensino/departamentos/engenharia-de-controle-e-automacao/equipe/docentes
engenharia-ambiental,https://www.sorocaba.unesp.br/#!/graduacao/engenharia-ambiental
engenharia-de-controle-e-automacao,https://www.sorocaba.unesp.br/#!/graduacao/engenharia-de-controle-e-automacao
--engenharia-eletrica-local,https://www.sorocaba.unesp.br/#!/pos-graduacao/--engenharia-eletrica-local
2022,https://www.sorocaba.unesp.br/#!/comunidade/cultura-e-esportes/eventos-realizados/2022
2023,https://www.sorocaba.unesp.br/#!/comunidade/cultura-e-esportes/eventos-realizados/2023
2024,https://www.sorocaba.unesp.br/#!/comunidade/cultura-e-esportes/eventos-realizados/2024
apresentacao,https://www.sorocaba.unesp.br/#!/extensao/ao-vivo-e-em-cores/apresentacao
lince---liga-de-inteligencia-neurocomputacional-na-engenharia,https://www.sorocaba.unesp.br/#!/comunidade/ligas-academicas/ligas-academicas-credenciadas/lince---liga-de-inteligencia-neurocomputacional-na-engenharia
atas-ate-2022,https://www.sorocaba.unesp.br/#!/comunidade/comissao-permanente/atas-da-cpeuc/atas-ate-2022
atas-a-partir-de-2023,https://www.sorocaba.unesp.br/#!/comunidade/comissao-permanente/atas-da-cpeuc/atas-a-partir-de-2023
sobre-a-biblioteca,https://www.sorocaba.unesp.br/#!/sobre-o-campus/biblioteca/sobre-a-biblioteca
equipe,https://www.sorocaba.unesp.br/#!/sobre-o-campus/biblioteca/sobre-a-biblioteca/equipe
horario-de-funcionamento,https://www.sorocaba.unesp.br/#!/sobre-o-campus/biblioteca/sobre-a-biblioteca/horario-de-funcionamento
regulamento,https://www.sorocaba.unesp.br/#!/sobre-o-campus/biblioteca/sobre-a-biblioteca/regulamento
regimento-interno,https://www.sorocaba.unesp.br/#!/sobre-o-campus/biblioteca/sobre-a-biblioteca/regimento-interno
comissao-de-boblioteca,https://www.sorocaba.unesp.br/#!/sobre-o-campus/biblioteca/sobre-a-biblioteca/comissao-de-boblioteca
aquisicao-de-livros,https://www.sorocaba.unesp.br/#!/sobre-o-campus/biblioteca/sobre-a-biblioteca/aquisicao-de-livros
consulta-ao-acervo,https://www.sorocaba.unesp.br/#!/sobre-o-campus/biblioteca/consulta-ao-acervo
acervo-digital,https://www.sorocaba.unesp.br/#!/sobre-o-campus/biblioteca/acervo-digital
base-de-dados,https://www.sorocaba.unesp.br/#!/sobre-o-campus/biblioteca/acervo-digital/base-de-dados
e-books,https://www.sorocaba.unesp.br/#!/sobre-o-campus/biblioteca/acervo-digital/e-books
normas-tecnicas,https://www.sorocaba.unesp.br/#!/sobre-o-campus/biblioteca/acervo-digital/normas-tecnicas
pautas-e-atas---conselho-dea,https://www.sorocaba.unesp.br/#!/ensino/departamentos/engenharia-ambiental3152/teste2/pautas-e-atas---conselho-dea
equipe,https://www.sorocaba.unesp.br/#!/ensino/departamentos/engenharia-ambiental3152/equipe
tecnicas-do-dea,https://www.sorocaba.unesp.br/#!/ensino/departamentos/engenharia-ambiental3152/equipe/tecnicas-do-dea
ensino,https://www.sorocaba.unesp.br/#!/ensino/departamentos/engenharia-ambiental3152/ensino
pesquisa,https://www.sorocaba.unesp.br/#!/ensino/departamentos/engenharia-ambiental3152/pesquisa
estrutura,https://www.sorocaba.unesp.br/#!/graduacao/engenharia-ambiental/laboratorios/estrutura
linhas-de-pesquisa,https://www.sorocaba.unesp.br/#!/ensino/departamentos/engenharia-ambiental3152/pesquisa/linhas-de-pesquisa
grupos-de-pesquisa,https://www.sorocaba.unesp.br/#!/ensino/departamentos/engenharia-ambiental3152/pesquisa/grupos-de-pesquisa
servidores,https://www.sorocaba.unesp.br/#!/ensino/departamentos/engenharia-de-controle-e-automacao/equipe/servidores
laboratorios,https://www.sorocaba.unesp.br/#!/ensino/departamentos/engenharia-de-controle-e-automacao/laboratorios
linhas-de-pesquisa,https://www.sorocaba.unesp.br/#!/ensino/departamentos/engenharia-de-controle-e-automacao/linhas-de-pesquisa
formularios,https://www.sorocaba.unesp.br/#!/ensino/departamentos/engenharia-de-controle-e-automacao/formularios
afastamento-de-docente,https://www.sorocaba.unesp.br/#!/ensino/departamentos/engenharia-de-controle-e-automacao/formularios/afastamento-de-docente
laboratorios,https://www.sorocaba.unesp.br/#!/ensino/departamentos/engenharia-de-controle-e-automacao/formularios/laboratorios
apresentacao,https://www.sorocaba.unesp.br/#!/graduacao/engenharia-ambiental/apresentacao
coordenacao-de-curso,https://www.sorocaba.unesp.br/#!/graduacao/engenharia-ambiental/coordenacao-de-curso
conselho-de-curso,https://www.sorocaba.unesp.br/#!/graduacao/engenharia-ambiental/conselho-de-curso
calendario,https://www.sorocaba.unesp.br/#!/graduacao/engenharia-ambiental/conselho-de-curso/calendario
2024---2026,https://www.sorocaba.unesp.br/#!/graduacao/engenharia-ambiental/conselho-de-curso/2024---2026
2022---2024,https://www.sorocaba.unesp.br/#!/graduacao/engenharia-ambiental/conselho-de-curso/2022---2024
2020--2022,https://www.sorocaba.unesp.br/#!/graduacao/engenharia-ambiental/conselho-de-curso/2020--2022
2018---2019,https://www.sorocaba.unesp.br/#!/graduacao/engenharia-ambiental/conselho-de-curso/2018---2019
2015---2017,https://www.sorocaba.unesp.br/#!/graduacao/engenharia-ambiental/conselho-de-curso/2015---2017
2015---20171791,https://www.sorocaba.unesp.br/#!/graduacao/engenharia-ambiental/conselho-de-curso/2015---20171791
apresentacao,https://www.sorocaba.unesp.br/#!/graduacao/engenharia-ambiental/conselho-de-curso/apresentacao
docentes,https://www.sorocaba.unesp.br/#!/graduacao/engenharia-ambiental/docentes
grade-curricular,https://www.sorocaba.unesp.br/#!/graduacao/engenharia-ambiental/grade-curricular
laboratorios,https://www.sorocaba.unesp.br/#!/graduacao/engenharia-ambiental/laboratorios
equipe,https://www.sorocaba.unesp.br/#!/graduacao/engenharia-ambiental/laboratorios/equipe
anexos,https://www.sorocaba.unesp.br/#!/graduacao/engenharia-ambiental/laboratorios/anexos
apresentacao,https://www.sorocaba.unesp.br/#!/graduacao/engenharia-de-controle-e-automacao/apresentacao
sobre,https://www.sorocaba.unesp.br/#!/graduacao/engenharia-de-controle-e-automacao/apresentacao/sobre
credenciamento-no-mec,https://www.sorocaba.unesp.br/#!/graduacao/engenharia-de-controle-e-automacao/apresentacao/credenciamento-no-mec
ic,https://www.sorocaba.unesp.br/#!/graduacao/engenharia-de-controle-e-automacao/apresentacao/ic
tcc,https://www.sorocaba.unesp.br/#!/graduacao/engenharia-de-controle-e-automacao/apresentacao/tcc
coordenacao-de-curso,https://www.sorocaba.unesp.br/#!/graduacao/engenharia-de-controle-e-automacao/coordenacao-de-curso
2022-2024,https://www.sorocaba.unesp.br/#!/graduacao/engenharia-de-controle-e-automacao/coordenacao-de-curso/2022-2024
conselho-de-curso,https://www.sorocaba.unesp.br/#!/graduacao/engenharia-de-controle-e-automacao/conselho-de-curso
teste,https://www.sorocaba.unesp.br/#!/graduacao/engenharia-de-controle-e-automacao/conselho-de-curso/teste
calendario-de-reunioes,https://www.sorocaba.unesp.br/#!/graduacao/engenharia-de-controle-e-automacao/conselho-de-curso/calendario-de-reunioes
docentes,https://www.sorocaba.unesp.br/#!/graduacao/engenharia-de-controle-e-automacao/docentes
projeto-politico-pedagogico,https://www.sorocaba.unesp.br/#!/graduacao/engenharia-de-controle-e-automacao/projeto-politico-pedagogico
laboratorios,https://www.sorocaba.unesp.br/#!/graduacao/engenharia-de-controle-e-automacao/laboratorios
estrutura,https://www.sorocaba.unesp.br/#!/graduacao/engenharia-de-controle-e-automacao/laboratorios/estrutura
equipe,https://www.sorocaba.unesp.br/#!/graduacao/engenharia-de-controle-e-automacao/laboratorios/equipe
grade-curricular,https://www.sorocaba.unesp.br/#!/graduacao/engenharia-de-controle-e-automacao/grade-curricular
informacoes-sobre-o-programa,https://www.sorocaba.unesp.br/#!/pos-graduacao/--engenharia-eletrica-local/informacoes-sobre-o-programa
apresentacao,https://www.sorocaba.unesp.br/#!/pos-graduacao/--engenharia-eletrica-local/informacoes-sobre-o-programa/apresentacao
missao-e-visao-do-programa,https://www.sorocaba.unesp.br/#!/pos-graduacao/--engenharia-eletrica-local/informacoes-sobre-o-programa/missao-e-visao-do-programa
areas-de-concentracao-e-linhas-de-pesquisa,https://www.sorocaba.unesp.br/#!/pos-graduacao/--engenharia-eletrica-local/informacoes-sobre-o-programa/areas-de-concentracao-e-linhas-de-pesquisa
objetivos,https://www.sorocaba.unesp.br/#!/pos-graduacao/--engenharia-eletrica-local/informacoes-sobre-o-programa/objetivos
historico-do-programa,https://www.sorocaba.unesp.br/#!/pos-graduacao/--engenharia-eletrica-local/informacoes-sobre-o-programa/historico-do-programa
grade-curricular,https://www.sorocaba.unesp.br/#!/pos-graduacao/--engenharia-eletrica-local/informacoes-sobre-o-programa/grade-curricular
corpo-docente,https://www.sorocaba.unesp.br/#!/pos-graduacao/--engenharia-eletrica-local/informacoes-sobre-o-programa/corpo-docente
planejamento-estrategico,https://www.sorocaba.unesp.br/#!/pos-graduacao/--engenharia-eletrica-local/informacoes-sobre-o-programa/planejamento-estrategico
destaques-do-programa-egressos-e-dissertacoes,https://www.sorocaba.unesp.br/#!/pos-graduacao/--engenharia-eletrica-local/informacoes-sobre-o-programa/destaques-do-programa-egressos-e-dissertacoes
contato,https://www.sorocaba.unesp.br/#!/pos-graduacao/--engenharia-eletrica-local/informacoes-sobre-o-programa/contato
portal-do-aluno,https://www.sorocaba.unesp.br/#!/pos-graduacao/--engenharia-eletrica-local/portal-do-aluno
calendario,https://www.sorocaba.unesp.br/#!/pos-graduacao/--engenharia-eletrica-local/portal-do-aluno/calendario
horarios,https://www.sorocaba.unesp.br/#!/pos-graduacao/--engenharia-eletrica-local/portal-do-aluno/horarios
formularios,https://www.sorocaba.unesp.br/#!/pos-graduacao/--engenharia-eletrica-local/portal-do-aluno/formularios
procedimentos-para-entrega-da-versao-final,https://www.sorocaba.unesp.br/#!/pos-graduacao/--engenharia-eletrica-local/portal-do-aluno/procedimentos-para-entrega-da-versao-final
comissao-de-bolsas,https://www.sorocaba.unesp.br/#!/pos-graduacao/--engenharia-eletrica-local/portal-do-aluno/comissao-de-bolsas
aluno-especial,https://www.sorocaba.unesp.br/#!/pos-graduacao/--engenharia-eletrica-local/portal-do-aluno/aluno-especial
calendario,https://www.sorocaba.unesp.br/#!/sobre-o-campus/administracao/congregacao/calendario
processo-seletivo,https://www.sorocaba.unesp.br/#!/pos-graduacao/--engenharia-eletrica-local/processo-seletivo
patentes,https://www.sorocaba.unesp.br/#!/sobre-o-campus/biblioteca/acervo-digital/patentes
teses-e-dissertacoes,https://www.sorocaba.unesp.br/#!/sobre-o-campus/biblioteca/acervo-digital/teses-e-dissertacoes
minha-biblioteca,https://www.sorocaba.unesp.br/#!/sobre-o-campus/biblioteca/acervo-digital/minha-biblioteca
servicos,https://www.sorocaba.unesp.br/#!/sobre-o-campus/biblioteca/servicos
recursos-para-pesquisadores,https://www.sorocaba.unesp.br/#!/sobre-o-campus/biblioteca/recursos-para-pesquisadores
autoarquivamento,https://www.sorocaba.unesp.br/#!/sobre-o-campus/biblioteca/recursos-para-pesquisadores/autoarquivamento
padrao-afiliacao-institucional,https://www.sorocaba.unesp.br/#!/sobre-o-campus/biblioteca/recursos-para-pesquisadores/padrao-afiliacao-institucional
turnitin,https://www.sorocaba.unesp.br/#!/sobre-o-campus/biblioteca/recursos-para-pesquisadores/turnitin
ficha-catalografica,https://www.sorocaba.unesp.br/#!/sobre-o-campus/biblioteca/recursos-para-pesquisadores/ficha-catalografica
modelos-de-agradecimentos-as-agencias-financiadoras,https://www.sorocaba.unesp.br/#!/sobre-o-campus/biblioteca/recursos-para-pesquisadores/modelos-de-agradecimentos-as-agencias-financiadoras
orientacoes-para-inclusao-da-pagina-de-impacto-potencial-da-pesquisa,https://www.sorocaba.unesp.br/#!/sobre-o-campus/biblioteca/recursos-para-pesquisadores/orientacoes-para-inclusao-da-pagina-de-impacto-potencial-da-pesquisa
guias-de-normalizacao,https://www.sorocaba.unesp.br/#!/sobre-o-campus/biblioteca/recursos-para-pesquisadores/guias-de-normalizacao
propetips,https://www.sorocaba.unesp.br/#!/sobre-o-campus/biblioteca/recursos-para-pesquisadores/propetips
tutoriais,https://www.sorocaba.unesp.br/#!/sobre-o-campus/biblioteca/recursos-para-pesquisadores/tutoriais
templates,https://www.sorocaba.unesp.br/#!/sobre-o-campus/biblioteca/recursos-para-pesquisadores/templates
perguntas-frequentes2377,https://www.sorocaba.unesp.br/#!/sobre-o-campus/biblioteca/perguntas-frequentes2377
docentesdea,https://www.sorocaba.unesp.br/#!/docentesdea
gasi,https://www.sorocaba.unesp.br/#!/gasi
laptec,https://www.sorocaba.unesp.br/#!/laptec
natel,https://www.sorocaba.unesp.br/#!/pesquisa/natel
modcon,https://www.sorocaba.unesp.br/#!/modcon
atividade-p--conclusao-de-curso,https://www.sorocaba.unesp.br/#!/graduacao/espaco-do-aluno/atividade-p--conclusao-de-curso
gestoes-anteriores,https://www.sorocaba.unesp.br/#!/graduacao/engenharia-de-controle-e-automacao/coordenacao-de-curso/gestoes-anteriores
eca04,https://www.sorocaba.unesp.br/#!/graduacao/engenharia-de-controle-e-automacao/projeto-politico-pedagogico/eca04
eca03,https://www.sorocaba.unesp.br/#!/graduacao/engenharia-de-controle-e-automacao/projeto-politico-pedagogico/eca03
eca02,https://www.sorocaba.unesp.br/#!/graduacao/engenharia-de-controle-e-automacao/projeto-politico-pedagogico/eca02
2026---1-semestre,https://www.sorocaba.unesp.br/#!/pos-graduacao/--engenharia-eletrica-local/processo-seletivo/2026---1-semestre
docentes,https://www.sorocaba.unesp.br/#!/pos-graduacao/--engenharia-eletrica-local/docentes
corpo-docente,https://www.sorocaba.unesp.br/#!/pos-graduacao/--engenharia-eletrica-local/docentes/corpo-docente
credenciamento-de-docentes,https://www.sorocaba.unesp.br/#!/pos-graduacao/--engenharia-eletrica-local/docentes/credenciamento-de-docentes
formularios,https://www.sorocaba.unesp.br/#!/pos-graduacao/--engenharia-eletrica-local/docentes/formularios
bancas,https://www.sorocaba.unesp.br/#!/pos-graduacao/--engenharia-eletrica-local/docentes/bancas
ementas,https://www.sorocaba.unesp.br/#!/pos-graduacao/--engenharia-eletrica-local/ementas
conselho,https://www.sorocaba.unesp.br/#!/pos-graduacao/--engenharia-eletrica-local/conselho
composicao,https://www.sorocaba.unesp.br/#!/pos-graduacao/--engenharia-eletrica-local/conselho/composicao
atas,https://www.sorocaba.unesp.br/#!/pos-graduacao/--engenharia-eletrica-local/conselho/atas
normas,https://www.sorocaba.unesp.br/#!/pos-graduacao/--engenharia-eletrica-local/normas
regulamento-pgee,https://www.sorocaba.unesp.br/#!/pos-graduacao/--engenharia-eletrica-local/normas/regulamento-pgee
instrucoes-normativas,https://www.sorocaba.unesp.br/#!/pos-graduacao/--engenharia-eletrica-local/normas/instrucoes-normativas
pgee,https://www.sorocaba.unesp.br/#!/pgee
contato,https://www.sorocaba.unesp.br/#!/pos-graduacao/--engenharia-eletrica-local/contato
estrutura-curricular,https://www.sorocaba.unesp.br/#!/pos-graduacao/--engenharia-eletrica-local/estrutura-curricular
grade-curricular,https://www.sorocaba.unesp.br/#!/pos-graduacao/--engenharia-eletrica-local/estrutura-curricular/grade-curricular
horario,https://www.sorocaba.unesp.br/#!/pos-graduacao/--engenharia-eletrica-local/estrutura-curricular/horario
linhas-de-pesquisa-e-producao,https://www.sorocaba.unesp.br/#!/pos-graduacao/--engenharia-eletrica-local/linhas-de-pesquisa-e-producao
area-de-concentracao,https://www.sorocaba.unesp.br/#!/pos-graduacao/--engenharia-eletrica-local/linhas-de-pesquisa-e-producao/area-de-concentracao
linhas-de-pesquisa,https://www.sorocaba.unesp.br/#!/pos-graduacao/--engenharia-eletrica-local/linhas-de-pesquisa-e-producao/linhas-de-pesquisa
portal-do-docente,https://www.sorocaba.unesp.br/#!/pos-graduacao/--engenharia-eletrica-local/portal-do-docente
formularios,https://www.sorocaba.unesp.br/#!/pos-graduacao/--engenharia-eletrica-local/portal-do-docente/formularios
eventos,https://www.sorocaba.unesp.br/#!/pos-graduacao/--engenharia-eletrica-local/eventos
links,https://www.sorocaba.unesp.br/#!/pos-graduacao/--engenharia-eletrica-local/links
informacoes-uteis,https://www.sorocaba.unesp.br/#!/pos-graduacao/--engenharia-eletrica-local/links/informacoes-uteis
portfolio-de-integracao-das-disciplinas,https://www.sorocaba.unesp.br/#!/pos-graduacao/--engenharia-eletrica-local/portfolio-de-integracao-das-disciplinas
atas-e-pautas,https://www.sorocaba.unesp.br/#!/sobre-o-campus/administracao/congregacao/atas-e-pautas
enviar-item-para-pauta,https://www.sorocaba.unesp.br/#!/sobre-o-campus/administracao/congregacao/atas-e-pautas/enviar-item-para-pauta
calendario,https://www.sorocaba.unesp.br/#!/calendario
composicao,https://www.sorocaba.unesp.br/#!/sobre-o-campus/administracao/congregacao/composicao
comissoes-permanentes-assessoras-da-congregacao,https://www.sorocaba.unesp.br/#!/sobre-o-campus/administracao/congregacao/comissoes-permanentes-assessoras-da-congregacao
calendarios-colegiados-locais,https://www.sorocaba.unesp.br/#!/sobre-o-campus/administracao/congregacao/calendario/calendarios-colegiados-locais
